<?xml version="1.0" encoding="UTF-8"?>
<!DOCTYPE suite SYSTEM "https://testng.org/testng-1.0.dtd">
<suite name="Parallel_Testing"  parallel="tests"  >
  <test thread-count="5" name="Test1">
    <classes>
      <class name="goibibo_test.TC_1_Registration"/>
	  <class name="goibibo_test.TC_2_Login_With_Valid_Credential"/>
      <class name="goibibo_test.TC_3_Login_With_Invlid_Credential"/>
      <class name="goibibo_test.TC_4_Search_OneWay_Flight"/>
      <class name="goibibo_test.TC_5_Search_TwoWay_Flight"/>
      <class name="goibibo_test.TC_6_Search_Flight_With_Different_Classes"/>
      <class name="goibibo_test.TC_7_Multi_City_Flight_Search"/>
      <class name="goibibo_test.TC_12_Login_Search_for_flight_Logout"/>

    </classes>
  </test> <!-- Test -->
 </suite> <!-- Parallel_Testing -->
