<?xml version="1.0" encoding="UTF-8"?>
<!DOCTYPE suite SYSTEM "https://testng.org/testng-1.0.dtd">
<suite name="Suite">
  <test thread-count="5" name="Test">
	  <parameter name="browser" value="edge"></parameter>
	  <classes>
		<class name="selenium_mavenproject.maven.TC_1_Registration"/>
		<class name="selenium_mavenproject.maven.TC_2_Login_With_Valid_Credentials"/>
		<class name="selenium_mavenproject.maven.TC_3_Login_With_Incorrect_Credentials"/>
		<class name="selenium_mavenproject.maven.TC_4_Edit_Profile_Info"/>
		<class name="selenium_mavenproject.maven.TC_5_Search_Product"/>
		<class name="selenium_mavenproject.maven.TC_6_Product_Search_With_Filters"/>
		<class name="selenium_mavenproject.maven.TC_7_Product_Details"/>
		<class name="selenium_mavenproject.maven.TC_8_Sorting_With_Relevance_Price_Rating"/>
		<class name="selenium_mavenproject.maven.TC_9_Add_To_Cart"/>
		<class name="selenium_mavenproject.maven.TC_10_Cart_Page"/>
		<class name="selenium_mavenproject.maven.TC_11_Address_Payment_Selection"/>
		<class name="selenium_mavenproject.maven.TC_12_Payment_Method"/>
		<class name="selenium_mavenproject.maven.TC_13_Apply_Coupon_Code"/>
		<class name="selenium_mavenproject.maven.TC_15_Reach_Cart_Page_WithOut_Login"/>
	  </classes>
	  
  </test> <!-- Test -->
</suite> <!-- Suite -->
